Titulo,Preco_Atual,Desconto_Txt,Link,Data_Coleta,Preco_Num,Desconto_Pct,Preco_Original_Est,Economia_Reais,Status_Promocao
Edição Standard do EA SPORTS FC™ 26 para PS4 e PS5,"R$104,97",-70%,https://store.playstation.com/pt-br/product/UP0006-PPSA27360_00-26STANDARDBUNDLE,2026-04-06,104.97,70,349.8999999999999,244.92999999999992,Promocao
Red Dead Redemption 2,"R$74,97",-75%,https://store.playstation.com/pt-br/product/UP1004-CUSA03041_00-REDEMPTIONFULL02,2026-04-06,74.97,75,299.88,224.91,Promocao
Forza Horizon 5 Standard Edition,"R$149,40",-40%,https://store.playstation.com/pt-br/product/UP6312-PPSA22327_00-0629872585919347,2026-04-06,149.4,40,249.00000000000003,99.60000000000002,Promocao
ELDEN RING PS4 & PS5,"R$194,93",-35%,https://store.playstation.com/pt-br/product/UP0700-PPSA04610_00-ELDENRING0000000,2026-04-06,194.93,35,299.89230769230767,104.96230769230766,Promocao
Battlefield™ 6,"R$209,94",-40%,https://store.playstation.com/pt-br/product/UP0006-PPSA19534_00-SANTIAGOSTANDARD,2026-04-06,209.94,40,349.90000000000003,139.96000000000004,Promocao
Call of Duty®: Black Ops 7 - Pacote Multigeração,"R$192,44",-45%,https://store.playstation.com/pt-br/product/UP0002-PPSA01649_00-CODBO7CROSSGEN01,2026-04-06,192.44,45,349.8909090909091,157.45090909090908,Promocao
Grand Theft Auto V: Edição Premium,"R$74,95",-50%,https://store.playstation.com/pt-br/product/UP1004-CUSA00419_00-PREMIUMPACKOG001,2026-04-06,74.95,50,149.9,74.95,Promocao
DRAGON BALL: Sparking! ZERO,"R$174,95",-50%,https://store.playstation.com/pt-br/product/UP0700-PPSA15211_00-DRAGONBALLSPARK0,2026-04-06,174.95,50,349.9,174.95,Promocao
It Takes Two PS4™ e PS5™,"R$39,78",-80%,https://store.playstation.com/pt-br/product/UP0006-PPSA02342_00-ITTAKESTWORETAIL,2026-04-06,39.78,80,198.90000000000006,159.12000000000006,Promocao
NBA 2K26 para PS5®,"R$79,98",-80%,https://store.playstation.com/pt-br/product/UP1001-PPSA28420_00-NBA2K26000000000,2026-04-06,79.98,80,399.9000000000001,319.9200000000001,Promocao
Split Fiction,"R$174,65",-30%,https://store.playstation.com/pt-br/product/UP0006-PPSA08560_00-SPLITSTANDARDED0,2026-04-06,174.65,30,249.50000000000003,74.85000000000002,Promocao
ASTRO BOT,"R$224,33",-34%,https://store.playstation.com/pt-br/product/UP9000-PPSA21564_00-0000000000000000,2026-04-06,224.33,34,339.89393939393943,115.56393939393942,Promocao
Gran Turismo® 7,"R$146,95",-58%,https://store.playstation.com/pt-br/product/UP9000-PPSA01317_00-GT7STD0000000PS5,2026-04-06,146.95,58,349.8809523809523,202.9309523809523,Promocao
UFC™ 5,"R$53,83",-85%,https://store.playstation.com/pt-br/product/UP0006-PPSA03540_00-BASENAPS5UFC5000,2026-04-06,53.83,85,358.8666666666666,305.03666666666663,Promocao
F1® 25,"R$139,96",-60%,https://store.playstation.com/pt-br/product/UP0006-PPSA24662_00-F12025PS5GAME000,2026-04-06,139.96,60,349.9,209.93999999999997,Promocao
Mortal Kombat™ 1,"R$39,90",-80%,https://store.playstation.com/pt-br/product/UP1018-PPSA07570_00-MKONE00000000000,2026-04-06,39.9,80,199.50000000000003,159.60000000000002,Promocao
ARC Raiders,"R$115,84",-20%,https://store.playstation.com/pt-br/product/EP6848-PPSA04998_00-4085881659726287,2026-04-06,115.84,20,144.79999999999998,28.95999999999998,Promocao
RESIDENT EVIL 5,"R$28,72",-75%,https://store.playstation.com/pt-br/product/UP0102-CUSA04437_00-RE5HDPS400000000,2026-04-06,28.72,75,114.88,86.16,Promocao
Grand Theft Auto V (PlayStation®5),"R$99,45",-50%,https://store.playstation.com/pt-br/product/UP1004-PPSA03420_00-GTAOANDSPUPGRADE,2026-04-06,99.45,50,198.9,99.45,Promocao
Grand Theft Auto: The Trilogy — The Definitive Edition (PS5 & PS4),"R$98,96",-67%,https://store.playstation.com/pt-br/product/UP1004-PPSA05804_00-GTATRILOGYBUNDLE,2026-04-06,98.96,67,299.8787878787879,200.9187878787879,Promocao
Forza Horizon 5 Premium Edition,"R$239,40",-40%,https://store.playstation.com/pt-br/product/UP6312-PPSA22327_00-0810100104879906,2026-04-06,239.4,40,399.0,159.6,Promocao
Resident Evil 6,"R$24,87",-75%,https://store.playstation.com/pt-br/product/UP0102-CUSA03856_00-BH6HDPS400000000,2026-04-06,24.87,75,99.48,74.61,Promocao
RESIDENT EVIL 3,"R$48,62",-75%,https://store.playstation.com/pt-br/product/UP0102-PPSA03952_00-BH3ROFF000000001,2026-04-06,48.62,75,194.48,145.85999999999999,Promocao
Marvel's Spider-Man 2 Edição Digital Deluxe,"R$199,75",-50%,https://store.playstation.com/pt-br/product/UP9000-PPSA03016_00-MSM2DDE000000000,2026-04-06,199.75,50,399.5,199.75,Promocao
Marvel's Spider-Man Remastered,"R$142,45",-50%,https://store.playstation.com/pt-br/product/UP9000-PPSA01467_00-MARVELSSPIDERMAN,2026-04-06,142.45,50,284.9,142.45,Promocao
Cuphead,"R$73,43",-30%,https://store.playstation.com/pt-br/product/UP8062-CUSA20499_00-CUPHEAD000000000,2026-04-06,73.43,30,104.90000000000002,31.470000000000013,Promocao
The Last of Us™ Parte II Remastered,"R$170,94",-40%,https://store.playstation.com/pt-br/product/UP9000-PPSA10662_00-THELASTOFUSPART2,2026-04-06,170.94,40,284.90000000000003,113.96000000000004,Promocao
Mortal Kombat™ 1: Atualização Edição Definitiva,"R$55,98",-80%,https://store.playstation.com/pt-br/product/UP1018-PPSA07570_00-MK1DEFINEDUP0000,2026-04-06,55.98,80,279.90000000000003,223.92000000000004,Promocao
Mortal Kombat 11,"R$19,99",-90%,https://store.playstation.com/pt-br/product/UP1018-PPSA01618_00-00MORTALKOMBAT11,2026-04-06,19.99,90,199.90000000000003,179.91000000000003,Promocao
A Way Out,"R$26,91",-82%,https://store.playstation.com/pt-br/product/UP0006-CUSA07995_00-HAZELIGHTAWAYOUT,2026-04-06,26.91,82,149.49999999999997,122.58999999999997,Promocao
Crash Bandicoot™ N. Sane Trilogy,"R$91,96",-60%,https://store.playstation.com/pt-br/product/UP0002-CUSA07402_00-CRASHNSANETRLOGY,2026-04-06,91.96,60,229.89999999999998,137.94,Promocao
Clair Obscur: Expedition 33,"R$199,60",-20%,https://store.playstation.com/pt-br/product/EP7579-PPSA17599_00-EXP33000000PS5EU,2026-04-06,199.6,20,249.49999999999997,49.89999999999998,Promocao
Gang Beasts,"R$41,96",-60%,https://store.playstation.com/pt-br/product/UP2154-CUSA04794_00-GANGBEASTSPS04NA,2026-04-06,41.96,60,104.89999999999999,62.93999999999999,Promocao
Baldur's Gate 3,"R$224,92",-25%,https://store.playstation.com/pt-br/product/UP3526-PPSA14001_00-0507384846053057,2026-04-06,224.92,25,299.8933333333333,74.97333333333333,Promocao
resident evil 4 (2005),"R$37,49",-75%,https://store.playstation.com/pt-br/product/UP0102-CUSA04885_00-BH4HD00000000001,2026-04-06,37.49,75,149.96,112.47,Promocao
ASTRO BOT Edição Digital Deluxe,"R$283,92",-29%,https://store.playstation.com/pt-br/product/UP9000-PPSA21564_00-DDE0000000000000,2026-04-06,283.92,29,399.887323943662,115.967323943662,Promocao
NBA 2K26 Edição Superstar,"R$124,97",-75%,https://store.playstation.com/pt-br/product/UP1001-PPSA28420_00-NBA2K26SUPERSTAR,2026-04-06,124.97,75,499.88,374.90999999999997,Promocao
ARK: Survival Ascended,"R$56,12",-75%,https://store.playstation.com/pt-br/product/UP0691-PPSA16810_00-SURVIVALASCENDED,2026-04-06,56.12,75,224.48,168.35999999999999,Promocao
Edição Ultimate de DRAGON BALL: Sparking! ZERO,"R$294,95",-50%,https://store.playstation.com/pt-br/product/UP0700-PPSA15211_00-DBSZ0ULTEDITION0,2026-04-06,294.95,50,589.9,294.95,Promocao
Hogwarts Legacy Versão PS5,"R$44,98",-85%,https://store.playstation.com/pt-br/product/UP1018-PPSA01593_00-HOGWARTSLEGACY01,2026-04-06,44.98,85,299.8666666666666,254.88666666666663,Promocao
Hogwarts Legacy Versão PS4,"R$37,48",-85%,https://store.playstation.com/pt-br/product/UP1018-CUSA12824_00-HOGWARTSLEGACY01,2026-04-06,37.48,85,249.86666666666662,212.38666666666663,Promocao
Stellar Blade™,"R$199,44",-43%,https://store.playstation.com/pt-br/product/UP9000-PPSA13196_00-STELLARBLADE0000,2026-04-06,199.44,43,349.8947368421052,150.4547368421052,Promocao
Cyberpunk 2077,"R$112,27",-55%,https://store.playstation.com/pt-br/product/UP4497-PPSA03974_00-0000000000000CP1,2026-04-06,112.27,55,249.4888888888889,137.2188888888889,Promocao
Call of Duty®: Black Ops 6 - Pacote Multigeração,"R$135,60",-60%,https://store.playstation.com/pt-br/product/UP0002-PPSA01649_00-CODBO6CROSSGEN01,2026-04-06,135.6,60,338.99999999999994,203.39999999999995,Promocao
The Witcher 3: Wild Hunt,"R$32,98",-80%,https://store.playstation.com/pt-br/product/UP4497-PPSA10407_00-00000000000000N2,2026-04-06,32.98,80,164.90000000000003,131.92000000000004,Promocao
Pacote Cross-Gen de The Crew Motorfest,"R$65,98",-80%,https://store.playstation.com/pt-br/product/UP0001-PPSA02838_00-THECREWORL000000,2026-04-06,65.98,80,329.9000000000001,263.9200000000001,Promocao
SILENT HILL f,"R$199,95",-50%,https://store.playstation.com/pt-br/product/JP0101-PPSA21159_00-MAINGAME00000000,2026-04-06,199.95,50,399.9,199.95,Promocao
Overcooked! 2,"R$31,12",-75%,https://store.playstation.com/pt-br/product/UP4064-CUSA10940_00-OVERCOOKED200000,2026-04-06,31.12,75,124.48,93.36,Promocao
Avatar: Frontiers of Pandora™,"R$97,43",-35%,https://store.playstation.com/pt-br/product/UP0001-PPSA01576_00-AVATAR2GAME00001,2026-04-06,97.43,35,149.8923076923077,52.46230769230769,Promocao
Cyberpunk 2077: Phantom Liberty,"R$103,93",-35%,https://store.playstation.com/pt-br/product/UP4497-PPSA03974_00-EXPANSION1000000,2026-04-06,103.93,35,159.8923076923077,55.96230769230769,Promocao
FINAL FANTASY VII REBIRTH,"R$170,94",-40%,https://store.playstation.com/pt-br/product/UP0082-PPSA08666_00-0783148264580163,2026-04-06,170.94,40,284.90000000000003,113.96000000000004,Promocao
Crash™ Team Racing Nitro-Fueled,"R$80,46",-65%,https://store.playstation.com/pt-br/product/UP0002-CUSA13795_00-CRASHTEAMRACING1,2026-04-06,80.46,65,229.88571428571427,149.42571428571426,Promocao
STAR WARS Jedi: Survivor™,"R$50,83",-85%,https://store.playstation.com/pt-br/product/UP0006-PPSA07783_00-APPLEJACKGAME000,2026-04-06,50.83,85,338.8666666666666,288.03666666666663,Promocao
Dispatch,"R$72,72",-20%,https://store.playstation.com/pt-br/product/HP7386-PPSA27158_00-0022337374597692,2026-04-06,72.72,20,90.89999999999999,18.179999999999993,Promocao
Cuphead & The Delicious Last Course,"R$100,73",-30%,https://store.playstation.com/pt-br/product/UP8062-CUSA20499_00-7502140045575654,2026-04-06,100.73,30,143.9,43.17,Promocao
Gears of War: Reloaded,"R$99,50",-50%,https://store.playstation.com/pt-br/product/UP6312-PPSA17525_00-0219247498273183,2026-04-06,99.5,50,199.0,99.5,Promocao
Resident Evil,"R$20,87",-75%,https://store.playstation.com/pt-br/product/UP0102-CUSA01068_00-BHRHDPS400000001,2026-04-06,20.87,75,83.48,62.61,Promocao
Mafia: Trilogy,"R$49,98",-80%,https://store.playstation.com/pt-br/product/UP1001-CUSA03652_00-MAFIATRILOGYDEFI,2026-04-06,49.98,80,249.90000000000003,199.92000000000004,Promocao
Call of Duty®: Black Ops Cold War - Pacote Multigeração PS4™ & PS5®,"R$111,96",-65%,https://store.playstation.com/pt-br/product/UP0002-PPSA01628_00-CODCWTHEGAME0001,2026-04-06,111.96,65,319.8857142857143,207.92571428571432,Promocao
Digimon Story Time Stranger,"R$279,93",-30%,https://store.playstation.com/pt-br/product/UP0700-PPSA24702_00-DIGIMONSTORYTS00,2026-04-06,279.93,30,399.90000000000003,119.97000000000003,Promocao
Assassin's Creed Shadows – Edição Deluxe Digital,"R$224,95",-50%,https://store.playstation.com/pt-br/product/UP0001-PPSA20396_00-EDITIONDELUXE000,2026-04-06,224.95,50,449.9,224.95,Promocao
HELLDIVERS™ 2,"R$149,62",-25%,https://store.playstation.com/pt-br/product/UP9000-PPSA01413_00-HELLDIVERS200000,2026-04-06,149.62,25,199.49333333333334,49.873333333333335,Promocao
TEKKEN 8,"R$119,96",-60%,https://store.playstation.com/pt-br/product/UP0700-PPSA10595_00-TEKKEN8000000000,2026-04-06,119.96,60,299.9,179.94,Promocao
Unravel Two,"R$25,27",-78%,https://store.playstation.com/pt-br/product/UP0006-CUSA10483_00-COLDWOODPIKE0000,2026-04-06,25.27,78,114.86363636363637,89.59363636363638,Promocao
Batman: Arkham Collection,"R$24,99",-90%,https://store.playstation.com/pt-br/product/UP1018-CUSA01764_00-ARKHAMBUNDLE0000,2026-04-06,24.99,90,249.90000000000003,224.91000000000003,Promocao
Kingdom Come: Deliverance II,"R$174,95",-50%,https://store.playstation.com/pt-br/product/UP2047-PPSA21705_00-KCD2MAINGAMEDSUS,2026-04-06,174.95,50,349.9,174.95,Promocao
Lords of the Fallen Deluxe Edition,"R$57,47",-75%,https://store.playstation.com/pt-br/product/UP4321-PPSA07064_00-0068820881444019,2026-04-06,57.47,75,229.88,172.41,Promocao
The Crew Motorfest,"R$59,98",-80%,https://store.playstation.com/pt-br/product/UP0001-CUSA26571_00-THECREWORL000000,2026-04-06,59.98,80,299.90000000000003,239.92000000000004,Promocao
FINAL FANTASY XVI COMPLETE EDITION,"R$174,95",-50%,https://store.playstation.com/pt-br/product/UP0082-PPSA10664_00-SEIA0000000000CE,2026-04-06,174.95,50,349.9,174.95,Promocao
DOOM: The Dark Ages,"R$115,46",-67%,https://store.playstation.com/pt-br/product/UP1003-PPSA20560_00-DTITAN0000000000,2026-04-06,115.46,67,349.8787878787879,234.4187878787879,Promocao
Red Dead Redemption (PS4 & PS5),"R$124,95",-50%,https://store.playstation.com/pt-br/product/UP1004-PPSA30528_00-REDEMPTION000001,2026-04-06,124.95,50,249.9,124.95,Promocao
Dying Light: The Beast Restored Land,"R$224,92",-25%,https://store.playstation.com/pt-br/product/UP3050-PPSA24002_00-DLTHEBEASTP5US00,2026-04-06,224.92,25,299.8933333333333,74.97333333333333,Promocao
Dead Space,"R$50,83",-85%,https://store.playstation.com/pt-br/product/UP0006-PPSA03845_00-BEYONDPS5GAME000,2026-04-06,50.83,85,338.8666666666666,288.03666666666663,Promocao
Diablo® IV - Edição Padrão,"R$146,94",-40%,https://store.playstation.com/pt-br/product/UP0002-PPSA02442_00-DIVBASEGAME00000,2026-04-06,146.94,40,244.9,97.96000000000001,Promocao
Call of Duty®: Vanguard - Pacote Multi-geração,"R$127,60",-60%,https://store.playstation.com/pt-br/product/UP0002-PPSA01687_00-CODVCROSSGEN0001,2026-04-06,127.6,60,318.99999999999994,191.39999999999995,Promocao
Need for Speed™ Heat Edição Deluxe,"R$27,89",-90%,https://store.playstation.com/pt-br/product/UP0006-CUSA15081_00-DELUXEEDITION0BP,2026-04-06,27.89,90,278.9000000000001,251.0100000000001,Promocao
Dying Light 2 Stay Human PS4&PS5,"R$66,22",-75%,https://store.playstation.com/pt-br/product/UP3050-PPSA02261_00-DL2GAME0000000US,2026-04-06,66.22,75,264.88,198.66,Promocao
Pacote Complemento Mortal Kombat 11 Ultimate,"R$19,99",-90%,https://store.playstation.com/pt-br/product/UP1018-CUSA11395_00-ULTIMATEUPGRADE0,2026-04-06,19.99,90,199.90000000000003,179.91000000000003,Promocao
Subnautica,"R$53,42",-67%,https://store.playstation.com/pt-br/product/UP5245-PPSA02452_00-6063362694848820,2026-04-06,53.42,67,161.8787878787879,108.4587878787879,Promocao
DRAGON BALL Z: KAKAROT,"R$86,17",-25%,https://store.playstation.com/pt-br/product/UP0700-PPSA08084_00-ATREMASTER001PS5,2026-04-06,86.17,25,114.89333333333333,28.72333333333333,Promocao
Resident Evil 0,"R$20,87",-75%,https://store.playstation.com/pt-br/product/UP0102-CUSA02337_00-BH0HD00000000001,2026-04-06,20.87,75,83.48,62.61,Promocao
JoJo's Bizarre Adventure: All-Star Battle R PS4 e PS5,"R$49,90",-80%,https://store.playstation.com/pt-br/product/UP0700-PPSA04220_00-JASBRMAINGAME000,2026-04-06,49.9,80,249.50000000000006,199.60000000000005,Promocao
NARUTO X BORUTO Ultimate Ninja STORM CONNECTIONS Deluxe Edition PS4 e PS5,"R$169,80",-60%,https://store.playstation.com/pt-br/product/UP0700-PPSA06981_00-NARUTOUNSADX0000,2026-04-06,169.8,60,424.5,254.7,Promocao
"Warhammer 40,000: Space Marine 2","R$122,46",-65%,https://store.playstation.com/pt-br/product/UP4133-PPSA04452_00-SPACEMARINESII00,2026-04-06,122.46,65,349.8857142857143,227.42571428571432,Promocao
Rayman® Legends,"R$16,70",-80%,https://store.playstation.com/pt-br/product/UP0001-CUSA00069_00-RAYMANLEGENDS001,2026-04-06,16.7,80,83.50000000000001,66.80000000000001,Promocao
SONIC SUPERSTARS,"R$89,97",-70%,https://store.playstation.com/pt-br/product/UP0177-PPSA06888_00-SONICORION000000,2026-04-06,89.97,70,299.9,209.92999999999998,Promocao
Stray,"R$89,70",-40%,https://store.playstation.com/pt-br/product/UP2470-PPSA02100_00-STRAYSIEA0000000,2026-04-06,89.7,40,149.5,59.8,Promocao
ELDEN RING NIGHTREIGN PS4 e PS5,"R$172,42",-25%,https://store.playstation.com/pt-br/product/UP0700-PPSA25380_00-ERSL000000000000,2026-04-06,172.42,25,229.89333333333332,57.47333333333333,Promocao
The Last of Us™ Part I Edição Digital Deluxe,"R$199,75",-50%,https://store.playstation.com/pt-br/product/UP9000-PPSA03396_00-TLOUPART1DDE0000,2026-04-06,199.75,50,399.5,199.75,Promocao
RESIDENT EVIL REVELATIONS,"R$32,49",-75%,https://store.playstation.com/pt-br/product/UP0102-CUSA06314_00-RERHDPS400000000,2026-04-06,32.49,75,129.96,97.47,Promocao
DOOM: The Dark Ages Premium Edition,"R$164,99",-67%,https://store.playstation.com/pt-br/product/UP1003-PPSA20560_00-DOOMTDAPREMIUMED,2026-04-06,164.99,67,499.96969696969705,334.97969696969705,Promocao
Kingdom Come: Deliverance - Saga Bundle,"R$284,95",-50%,https://store.playstation.com/pt-br/product/UP2047-PPSA21705_00-KCDSAGAGAMEBSIEA,2026-04-06,284.95,50,569.9,284.95,Promocao
Terra-média™: Sombras da Guerra™,"R$21,95",-90%,https://store.playstation.com/pt-br/product/UP1018-CUSA04439_00-SHADOWOFMORDOR02,2026-04-06,21.95,90,219.50000000000003,197.55000000000004,Promocao
Kingdom Come: Deliverance - Royal Edition,"R$39,90",-80%,https://store.playstation.com/pt-br/product/EP4062-PPSA28784_00-0262533748719750,2026-04-06,39.9,80,199.50000000000003,159.60000000000002,Promocao
SILENT HILL 2,"R$174,95",-50%,https://store.playstation.com/pt-br/product/UP0101-PPSA08710_00-MAINGAME00000000,2026-04-06,174.95,50,349.9,174.95,Promocao
Resident Evil™ Code: Veronica X,"R$31,96",-60%,https://store.playstation.com/pt-br/product/UP0102-CUSA07104_00-SLUS201840000001,2026-04-06,31.96,60,79.89999999999999,47.93999999999999,Promocao
NARUTO SHIPPUDEN™: Ultimate Ninja® STORM 4 ROAD TO BORUTO,"R$83,16",-60%,https://store.playstation.com/pt-br/product/UP0700-CUSA06381_00-NARUTOUNS4RTB000,2026-04-06,83.16,60,207.89999999999998,124.73999999999998,Promocao
Coleção Definitiva do Need for Speed™ Unbound,"R$63,67",-85%,https://store.playstation.com/pt-br/product/UP0006-PPSA01716_00-COMPLETEEDITION0,2026-04-06,63.67,85,424.46666666666664,360.7966666666666,Promocao
Edição Premium de Assassin's Creed Shadows,"R$302,44",-45%,https://store.playstation.com/pt-br/product/UP0001-PPSA20396_00-EDITIONCOMPLETE0,2026-04-06,302.44,45,549.8909090909091,247.45090909090908,Promocao
Resident Evil Revelations 2 Edição de Luxo,"R$24,87",-75%,https://store.playstation.com/pt-br/product/UP0102-CUSA00924_00-BHR2DELUXE000000,2026-04-06,24.87,75,99.48,74.61,Promocao
FINAL FANTASY XVI,"R$124,75",-50%,https://store.playstation.com/pt-br/product/UP0082-PPSA10664_00-FF16SIEA00000002,2026-04-06,124.75,50,249.5,124.75,Promocao
Sonic Racing: CrossWorlds para PS4 & PS5,"R$209,94",-40%,https://store.playstation.com/pt-br/product/JP0177-PPSA08804_00-SONICRACINGCW000,2026-04-06,209.94,40,349.90000000000003,139.96000000000004,Promocao
Edição do Pacote Entre Gerações de STAR WARS™ Jedi,"R$79,90",-80%,https://store.playstation.com/pt-br/product/UP0006-PPSA07783_00-FALLEN00SURVIVOR,2026-04-06,79.9,80,399.5000000000001,319.60000000000014,Promocao
Carros 3: Correndo para Vencer,"R$18,54",-88%,https://store.playstation.com/pt-br/product/UP1018-CUSA07083_00-DISNEYPIXARCARS3,2026-04-06,18.54,88,154.5,135.96,Promocao
Indiana Jones e o Grande Círculo,"R$279,92",-20%,https://store.playstation.com/pt-br/product/UP1003-PPSA26786_00-INDIANAJONESATGC,2026-04-06,279.92,20,349.9,69.97999999999996,Promocao
Sea of Thieves,"R$107,45",-50%,https://store.playstation.com/pt-br/product/UP6312-PPSA17669_00-MINERVA000000000,2026-04-06,107.45,50,214.9,107.45,Promocao
The First Berserker: Khazan Standard Edition,"R$160,65",-30%,https://store.playstation.com/pt-br/product/UP8236-PPSA20447_00-0545059108752800,2026-04-06,160.65,30,229.50000000000003,68.85000000000002,Promocao
NieR: Automata™ Game of the YoRHa Edition,"R$59,96",-60%,https://store.playstation.com/pt-br/product/UP0082-CUSA04551_00-GOTYORHADIGITAL0,2026-04-06,59.96,60,149.9,89.94,Promocao
STAR WARS Jedi: Fallen Order™,"R$28,66",-88%,https://store.playstation.com/pt-br/product/UP0006-PPSA02198_00-RESPAWNSWBIRDDOG,2026-04-06,28.66,88,238.83333333333334,210.17333333333335,Promocao
Coleção LEGO® Marvel,"R$34,49",-85%,https://store.playstation.com/pt-br/product/UP1018-CUSA08469_00-LEGOMARVELCOL000,2026-04-06,34.49,85,229.9333333333333,195.4433333333333,Promocao
NINJA GAIDEN 4,"R$194,35",-35%,https://store.playstation.com/pt-br/product/UP6312-PPSA25258_00-0173149685884705,2026-04-06,194.35,35,299.0,104.65,Promocao
Need for Speed™,"R$25,05",-70%,https://store.playstation.com/pt-br/product/UP0006-CUSA01925_00-NFS16SE000000001,2026-04-06,25.05,70,83.49999999999999,58.44999999999999,Promocao
EA SPORTS™ Madden NFL 26,"R$69,98",-80%,https://store.playstation.com/pt-br/product/UP0006-PPSA26127_00-MADDENNFL26GAME0,2026-04-06,69.98,80,349.9000000000001,279.9200000000001,Promocao
Mortal Kombat: Conjunto Deus Ancestral,"R$151,56",-60%,https://store.playstation.com/pt-br/product/UP1018-PPSA07570_00-MKELDERGODBUNDLE,2026-04-06,151.56,60,378.9,227.33999999999997,Promocao
Senua's Saga: Hellblade II,"R$114,50",-50%,https://store.playstation.com/pt-br/product/EP6311-PPSA25991_00-0714721000209651,2026-04-06,114.5,50,229.0,114.5,Promocao
Mafia: The Old Country,"R$231,92",-20%,https://store.playstation.com/pt-br/product/UP1001-PPSA14251_00-00000NEROPS5SIEA,2026-04-06,231.92,20,289.9,57.97999999999999,Promocao
Call of Duty®: WWII - Edição Digital Deluxe,"R$165,96",-60%,https://store.playstation.com/pt-br/product/UP0002-CUSA08603_00-CODWWIIDELUXE001,2026-04-06,165.96,60,414.9,248.93999999999997,Promocao
S.T.A.L.K.E.R. 2: Heart of Chornobyl,"R$271,92",-20%,https://store.playstation.com/pt-br/product/EB0236-PPSA28336_00-STALKER2UA000000,2026-04-06,271.92,20,339.9,67.97999999999996,Promocao
Assassin's Creed® Valhalla,"R$69,97",-75%,https://store.playstation.com/pt-br/product/UP0001-PPSA01491_00-GAME000000000000,2026-04-06,69.97,75,279.88,209.91,Promocao
Far Cry 6 PS4 & PS5,"R$69,97",-75%,https://store.playstation.com/pt-br/product/UP0001-PPSA01876_00-FC6EDSTANDARD000,2026-04-06,69.97,75,279.88,209.91,Promocao
STAR WARS Jedi: Survivor™ PS4,"R$62,25",-75%,https://store.playstation.com/pt-br/product/UP0006-CUSA33778_00-APPLEJACKGAME000,2026-04-06,62.25,75,249.0,186.75,Promocao
Gotham Knights,"R$27,95",-90%,https://store.playstation.com/pt-br/product/UP1018-PPSA02223_00-GOTHAMKNIGHTS000,2026-04-06,27.95,90,279.50000000000006,251.55000000000007,Promocao
Lies of P,"R$169,95",-50%,https://store.playstation.com/pt-br/product/UP1685-PPSA10261_00-4396566144501976,2026-04-06,169.95,50,339.9,169.95,Promocao
Call of Duty®: Black Ops III - Zombies Chronicles Deluxe,"R$172,80",-60%,https://store.playstation.com/pt-br/product/UP0002-CUSA03005_00-CODBO3ZOMBIESDLX,2026-04-06,172.8,60,432.0,259.2,Promocao
Goat Simulator 3,"R$59,80",-60%,https://store.playstation.com/pt-br/product/UP4664-PPSA04159_00-GS3MAINGAMEPACK0,2026-04-06,59.8,60,149.49999999999997,89.69999999999997,Promocao
Dispatch: Edição Digital de Luxo,"R$86,80",-20%,https://store.playstation.com/pt-br/product/HP7386-PPSA27158_00-0567897799992899,2026-04-06,86.8,20,108.49999999999999,21.69999999999999,Promocao
Edição Gold Ano 2 do Tom Clancy’s Ghost Recon® Wildlands,"R$49,98",-80%,https://store.playstation.com/pt-br/product/UP0001-CUSA02902_00-GRWY2GOLDBRAZIL0,2026-04-06,49.98,80,249.90000000000003,199.92000000000004,Promocao
Edição Das Cinzas - Avatar: Frontiers of Pandora™,"R$149,92",-25%,https://store.playstation.com/pt-br/product/UP0001-PPSA01576_00-AVATAR2EXPED0000,2026-04-06,149.92,25,199.89333333333332,49.97333333333333,Promocao
Injustice™ 2,"R$44,12",-75%,https://store.playstation.com/pt-br/product/UP1018-CUSA05488_00-INJUSTICE2000000,2026-04-06,44.12,75,176.48,132.35999999999999,Promocao
Avowed,"R$186,75",-25%,https://store.playstation.com/pt-br/product/UP6312-PPSA26136_00-0827146390058176,2026-04-06,186.75,25,249.0,62.25,Promocao
The Elder Scrolls V: Skyrim Special Edition - PS5 & PS4,"R$49,87",-75%,https://store.playstation.com/pt-br/product/UP1003-PPSA03746_00-TESVSKYRIM000000,2026-04-06,49.87,75,199.48,149.60999999999999,Promocao
Sniper Elite 3,"R$16,99",-90%,https://store.playstation.com/pt-br/product/UP4040-CUSA00378_00-SNIPERELITE30000,2026-04-06,16.99,90,169.90000000000003,152.91000000000003,Promocao
Bloodborne™ Complete Edition Bundle,"R$99,75",-50%,https://store.playstation.com/pt-br/product/UP9000-CUSA00900_00-BLOODBORNECOMPLE,2026-04-06,99.75,50,199.5,99.75,Promocao
Complete Edition - Avatar: Frontiers of Pandora™,"R$224,92",-25%,https://store.playstation.com/pt-br/product/UP0001-PPSA01576_00-AVATAR2COMPED000,2026-04-06,224.92,25,299.8933333333333,74.97333333333333,Promocao
Persona 3 Reload - PS4 e PS5,"R$119,96",-60%,https://store.playstation.com/pt-br/product/UP0177-PPSA10872_00-APPLICATION00000,2026-04-06,119.96,60,299.9,179.94,Promocao
Cuphead - The Delicious Last Course,"R$31,85",-30%,https://store.playstation.com/pt-br/product/UP8062-CUSA20499_00-CUPHEADDLC000000,2026-04-06,31.85,30,45.50000000000001,13.650000000000006,Promocao
Star Wars Outlaws,"R$104,97",-70%,https://store.playstation.com/pt-br/product/UP0001-PPSA08261_00-GAME000000000000,2026-04-06,104.97,70,349.8999999999999,244.92999999999992,Promocao
theHunter: Call of the Wild™,"R$22,42",-85%,https://store.playstation.com/pt-br/product/UP3501-CUSA08661_00-THCOTWBASE000000,2026-04-06,22.42,85,149.46666666666667,127.04666666666667,Promocao
ELDEN RING NIGHTREIGN Deluxe Edition PS4 e PS5,"R$250,80",-20%,https://store.playstation.com/pt-br/product/UP0700-PPSA25380_00-ERSLDX0000000000,2026-04-06,250.8,20,313.5,62.69999999999999,Promocao
Hell is Us,"R$111,22",-50%,https://store.playstation.com/pt-br/product/EP6665-PPSA09259_00-HIU0000000000000,2026-04-06,111.22,50,222.44,111.22,Promocao
Tom Clancy's Ghost Recon® Breakpoint Deluxe Edition,"R$53,98",-80%,https://store.playstation.com/pt-br/product/UP0001-CUSA14405_00-TGTDLXEDITION000,2026-04-06,53.98,80,269.90000000000003,215.92000000000004,Promocao
Mortal Kombat XL,"R$29,99",-75%,https://store.playstation.com/pt-br/product/UP1018-CUSA03589_00-MORTALKOMBATXL00,2026-04-06,29.99,75,119.96,89.97,Promocao
A Plague Tale: Innocence,"R$49,87",-75%,https://store.playstation.com/pt-br/product/UP4133-PPSA02388_00-APLAGUETALEGAME0,2026-04-06,49.87,75,199.48,149.60999999999999,Promocao
FINAL FANTASY XV ROYAL EDITION,"R$53,16",-60%,https://store.playstation.com/pt-br/product/UP0082-CUSA01633_00-FFXVROYALEDITION,2026-04-06,53.16,60,132.89999999999998,79.73999999999998,Promocao
Assassin's Creed® Odyssey,"R$67,98",-80%,https://store.playstation.com/pt-br/product/UP0001-CUSA09311_00-GAME000000000000,2026-04-06,67.98,80,339.9000000000001,271.9200000000001,Promocao
Atomic Heart - Premium Edition (PS4 & PS5),"R$137,37",-75%,https://store.playstation.com/pt-br/product/UP4133-PPSA10696_00-ATOMICHEARTPRMED,2026-04-06,137.37,75,549.48,412.11,Promocao
Sonic Origins PS4 & PS5,"R$47,97",-70%,https://store.playstation.com/pt-br/product/UP0177-PPSA05324_00-SONICORIGINS0000,2026-04-06,47.97,70,159.89999999999998,111.92999999999998,Promocao
The Sims™ 4 Gatos e Cães + Meu Primeiro Bichinho,"R$85,96",-60%,https://store.playstation.com/pt-br/product/UP0006-CUSA09209_00-CDMFPS0000000000,2026-04-06,85.96,60,214.89999999999998,128.94,Promocao
Dying Light Definitive Edition,"R$32,98",-80%,https://store.playstation.com/pt-br/product/UP1018-CUSA01473_00-PLATINUMEDITION1,2026-04-06,32.98,80,164.90000000000003,131.92000000000004,Promocao
Tom Clancy’s The Division 2,"R$22,48",-85%,https://store.playstation.com/pt-br/product/UP0001-CUSA12639_00-TCTD2BASEGAME001,2026-04-06,22.48,85,149.86666666666665,127.38666666666664,Promocao
MotoGP™25,"R$59,98",-80%,https://store.playstation.com/pt-br/product/EP4356-PPSA25319_00-MOTOGP25FULLGAME,2026-04-06,59.98,80,299.90000000000003,239.92000000000004,Promocao
Mafia: Definitive Edition,"R$32,98",-80%,https://store.playstation.com/pt-br/product/UP1001-CUSA18097_00-MAFIAONEREMASTER,2026-04-06,32.98,80,164.90000000000003,131.92000000000004,Promocao
Project Motor Racing,"R$199,44",-43%,https://store.playstation.com/pt-br/product/EP4399-PPSA26575_00-PROJECTMOTORRACE,2026-04-06,199.44,43,349.8947368421052,150.4547368421052,Promocao
CONTROL Ultimate Edition,"R$16,27",-85%,https://store.playstation.com/pt-br/product/UP4040-PPSA01949_00-CONTROLUEPS50000,2026-04-06,16.27,85,108.46666666666665,92.19666666666666,Promocao
Borderlands®4,"R$265,93",-30%,https://store.playstation.com/pt-br/product/UP1001-PPSA01494_00-000000000000OAK2,2026-04-06,265.93,30,379.90000000000003,113.97000000000003,Promocao
Tom Clancy’s The Division 2 - Ultimate Edition,"R$99,97",-75%,https://store.playstation.com/pt-br/product/UP0001-CUSA12639_00-TD2ULTEDITION000,2026-04-06,99.97,75,399.88,299.90999999999997,Promocao
Destiny 2: Ano da Profecia - Edição Definitiva,"R$159,99",-60%,https://store.playstation.com/pt-br/product/UP0002-PPSA02409_00-D2Y11APBUNDLE001,2026-04-06,159.99,60,399.975,239.985,Promocao
Jurassic World Evolution 3: Edição Deluxe,"R$243,42",-35%,https://store.playstation.com/pt-br/product/EP2377-PPSA25153_00-JWE3DELUXEDITION,2026-04-06,243.42,35,374.49230769230763,131.07230769230765,Promocao
Party Animals,"R$68,94",-40%,https://store.playstation.com/pt-br/product/HP6415-PPSA20635_00-0291765651398973,2026-04-06,68.94,40,114.9,45.96000000000001,Promocao
LEGO® Star Wars™ A Saga Skywalker PS4 & PS5,"R$45,99",-80%,https://store.playstation.com/pt-br/product/UP1018-PPSA01864_00-LEGOSWTSS0000000,2026-04-06,45.99,80,229.95000000000007,183.96000000000006,Promocao
SnowRunner,"R$85,96",-60%,https://store.playstation.com/pt-br/product/UP4133-PPSA04930_00-SNOWRUNNERGAME01,2026-04-06,85.96,60,214.89999999999998,128.94,Promocao
Jujutsu Kaisen Cursed Clash Ultimate Edition PS4 e PS5,"R$149,85",-70%,https://store.playstation.com/pt-br/product/UP0700-PPSA09536_00-JJTKCULTEDITION0,2026-04-06,149.85,70,499.4999999999999,349.64999999999986,Promocao
BLEACH Rebirth of Souls Edição Ultimate PS4 e PS5,"R$249,75",-50%,https://store.playstation.com/pt-br/product/UP0700-PPSA03639_00-BROS0ULTEDITION0,2026-04-06,249.75,50,499.5,249.75,Promocao
The Quarry para PS5™,"R$55,93",-86%,https://store.playstation.com/pt-br/product/UP1001-PPSA05813_00-8185911092060169,2026-04-06,55.93,86,399.49999999999994,343.56999999999994,Promocao
Demon Slayer -Kimetsu no Yaiba- The Hinokami Chronicles 2 Deluxe Edition PS4 e PS5,"R$239,94",-40%,https://store.playstation.com/pt-br/product/HP0177-PPSA25427_00-DELUXEEDITION001,2026-04-06,239.94,40,399.90000000000003,159.96000000000004,Promocao
ARK: Lost Colony Expansion Pass,"R$127,42",-25%,https://store.playstation.com/pt-br/product/UP0691-PPSA16810_00-LOSTCOLONYEXPASS,2026-04-06,127.42,25,169.89333333333335,42.47333333333334,Promocao
LEGO® Jurassic World™ O Mundo Dos Dinossauros,"R$24,87",-75%,https://store.playstation.com/pt-br/product/UP1018-CUSA01513_00-LEGOJW0000000001,2026-04-06,24.87,75,99.48,74.61,Promocao
LEGO® Harry Potter™ Collection,"R$39,78",-80%,https://store.playstation.com/pt-br/product/EP1018-PPSA22946_00-HARRYPOTTER17000,2026-04-06,39.78,80,198.90000000000006,159.12000000000006,Promocao
Assassin's Creed Valhalla - Edição Completa,"R$149,97",-75%,https://store.playstation.com/pt-br/product/UP0001-PPSA01491_00-EDITIONCOMPLETE0,2026-04-06,149.97,75,599.88,449.90999999999997,Promocao
Assassin’s Creed® Origins,"R$50,98",-85%,https://store.playstation.com/pt-br/product/UP0001-CUSA05855_00-ACOSTANDARDBRAZI,2026-04-06,50.98,85,339.8666666666666,288.8866666666666,Promocao
Conjunto DLC New York - Tom Clancy's The Division 2,"R$37,47",-75%,https://store.playstation.com/pt-br/product/UP0001-CUSA12639_00-D2WRBK0000000000,2026-04-06,37.47,75,149.88,112.41,Promocao
Assassin's Creed® Mirage,"R$95,96",-60%,https://store.playstation.com/pt-br/product/UP0001-PPSA07230_00-EDITIONSTANDARD0,2026-04-06,95.96,60,239.89999999999998,143.94,Promocao
Esquadrão Suicida: Mate a Liga da Justiça,"R$23,99",-92%,https://store.playstation.com/pt-br/product/UP1018-PPSA02182_00-SUICIDESQUADKTJL,2026-04-06,23.99,92,299.8750000000001,275.8850000000001,Promocao
Plants vs. Zombies™: Replanted,"R$74,25",-25%,https://store.playstation.com/pt-br/product/UP0006-PPSA29802_00-PVZRELOADEDGAME0,2026-04-06,74.25,25,99.0,24.75,Promocao
THE KING OF FIGHTERS XV Standard Edition PS4 & PS5,"R$37,37",-75%,https://store.playstation.com/pt-br/product/UP0576-PPSA02213_00-KOF15PS5000000US,2026-04-06,37.37,75,149.48,112.10999999999999,Promocao
The Elder Scrolls IV: Oblivion Remastered,"R$211,92",-20%,https://store.playstation.com/pt-br/product/UP1003-PPSA21203_00-ALTAR00000000000,2026-04-06,211.92,20,264.9,52.97999999999999,Promocao
SUPER BOMBERMAN R 2 PS4 & PS5,"R$149,94",-40%,https://store.playstation.com/pt-br/product/UP0101-PPSA07190_00-SUPERBOMBERMANR2,2026-04-06,149.94,40,249.9,99.96000000000001,Promocao
Pacote Crash Bandicoot™ N. Sane Trilogy + CTR Nitro-Fueled,"R$143,67",-65%,https://store.playstation.com/pt-br/product/UP0002-CUSA13795_00-CTRCBTBUNDLE0001,2026-04-06,143.67,65,410.48571428571427,266.8157142857143,Promocao
NASCAR 25,"R$254,92",-25%,https://store.playstation.com/pt-br/product/UP1456-PPSA28723_00-NASCAR25BASEGAME,2026-04-06,254.92,25,339.8933333333333,84.97333333333333,Promocao
Passe da Temporada de DRAGON BALL: Sparking! ZERO,"R$139,65",-30%,https://store.playstation.com/pt-br/product/UP0700-PPSA15211_00-DBSZ0SEASONPASS1,2026-04-06,139.65,30,199.50000000000003,59.85000000000002,Promocao
BLEACH Rebirth of Souls PS4 e PS5,"R$149,95",-50%,https://store.playstation.com/pt-br/product/UP0700-PPSA03639_00-BLEACHROFS000000,2026-04-06,149.95,50,299.9,149.95,Promocao
TEKKEN 8 Ultimate Edition da temporada 2,"R$353,94",-40%,https://store.playstation.com/pt-br/product/UP0700-PPSA10595_00-TK8S2ULTEDITION0,2026-04-06,353.94,40,589.9,235.95999999999998,Promocao
The First Berserker: Khazan Deluxe Edition,"R$188,65",-30%,https://store.playstation.com/pt-br/product/UP8236-PPSA20447_00-0119011093070089,2026-04-06,188.65,30,269.5,80.85,Promocao
FINAL FANTASY VII REMAKE INTERGRADE,"R$75,81",-62%,https://store.playstation.com/pt-br/product/UP0082-PPSA01903_00-5827003902180177,2026-04-06,75.81,62,199.5,123.69,Promocao
Sea of Thieves: 2025 Premium Edition,"R$159,95",-50%,https://store.playstation.com/pt-br/product/UP6312-PPSA17669_00-2025PREMIUM00000,2026-04-06,159.95,50,319.9,159.95,Promocao
Cronos: The New Dawn,"R$237,93",-30%,https://store.playstation.com/pt-br/product/EP4176-PPSA24096_00-TITAN00000000000,2026-04-06,237.93,30,339.90000000000003,101.97000000000003,Promocao
Divinity: Original Sin 2 - Definitive Edition PS4 & PS5,"R$62,49",-75%,https://store.playstation.com/pt-br/product/UP3526-PPSA06865_00-ORIGINALSIN2XPS5,2026-04-06,62.49,75,249.96,187.47,Promocao
Sleeping Dogs™ Definitive Edition,"R$24,98",-80%,https://store.playstation.com/pt-br/product/UP0082-CUSA01111_00-0000SLEEPINGDOGS,2026-04-06,24.98,80,124.90000000000003,99.92000000000003,Promocao
The Elder Scrolls V: Skyrim Anniversary Upgrade,"R$52,45",-50%,https://store.playstation.com/pt-br/product/UP1003-CUSA05333_00-SNOW010000000000,2026-04-06,52.45,50,104.9,52.45,Promocao
Plants vs. Zombies™ Garden Warfare 2: Edição Padrão,"R$34,47",-70%,https://store.playstation.com/pt-br/product/UP0006-CUSA01975_00-PVZGW2BASEGAME00,2026-04-06,34.47,70,114.89999999999998,80.42999999999998,Promocao
"Warhammer 40,000: Space Marine 2 - 2-Year Anniversary Edition","R$370,45",-50%,https://store.playstation.com/pt-br/product/UP4133-PPSA04452_00-SMARINESIIEDYEA2,2026-04-06,370.45,50,740.9,370.45,Promocao
Ancestors: The Humankind Odyssey,"R$45,98",-80%,https://store.playstation.com/pt-br/product/UP4581-CUSA13252_00-ANCESTORSVOLUME1,2026-04-06,45.98,80,229.90000000000003,183.92000000000004,Promocao
Outer Wilds,"R$74,70",-40%,https://store.playstation.com/pt-br/product/UP2470-PPSA08101_00-OUTERWILDSSIEA00,2026-04-06,74.7,40,124.50000000000001,49.80000000000001,Promocao
Call of Duty®: Ghosts Digital Hardened Edition,"R$133,59",-60%,https://store.playstation.com/pt-br/product/UP0002-CUSA00018_00-B000000000000087,2026-04-06,133.59,60,333.97499999999997,200.38499999999996,Promocao
Far Cry® 5 Gold Edition,"R$41,85",-85%,https://store.playstation.com/pt-br/product/UP0001-CUSA05904_00-FC5GOLDEDITION00,2026-04-06,41.85,85,278.99999999999994,237.14999999999995,Promocao
ACE COMBAT™7: SKIES UNKNOWN,"R$39,98",-84%,https://store.playstation.com/pt-br/product/UP0700-CUSA05636_00-AC7STANDARDED000,2026-04-06,39.98,84,249.87499999999994,209.89499999999995,Promocao
Tony Hawk's™ Pro Skater™ 3 + 4 - Edição Cross-Gen,"R$161,94",-40%,https://store.playstation.com/pt-br/product/UP0002-PPSA18010_00-TH34RSTNDBUNDL01,2026-04-06,161.94,40,269.90000000000003,107.96000000000004,Promocao
Sonic Mania,"R$33,40",-60%,https://store.playstation.com/pt-br/product/UP0177-CUSA07023_00-SONICMANIA000000,2026-04-06,33.4,60,83.49999999999999,50.09999999999999,Promocao
Tom Clancy's Ghost Recon® Breakpoint Gold Edition,"R$75,99",-80%,https://store.playstation.com/pt-br/product/UP0001-CUSA14405_00-TGTGLDBRAZIL0000,2026-04-06,75.99,80,379.95000000000005,303.96000000000004,Promocao
Bayonetta,"R$25,97",-75%,https://store.playstation.com/pt-br/product/UP0177-CUSA16113_00-BAYONETTAPS4GAME,2026-04-06,25.97,75,103.88,77.91,Promocao
Disco Elysium - The Final Cut,"R$57,47",-75%,https://store.playstation.com/pt-br/product/UP6758-PPSA03268_00-6401393671841114,2026-04-06,57.47,75,229.88,172.41,Promocao
BioShock: The Collection,"R$41,58",-80%,https://store.playstation.com/pt-br/product/UP1001-CUSA03979_00-BIOSHOCKCOLLECTN,2026-04-06,41.58,80,207.90000000000003,166.32000000000005,Promocao
NieR Replicant ver.1.22474487139...,"R$74,97",-70%,https://store.playstation.com/pt-br/product/UP0082-CUSA18774_00-0000000000000000,2026-04-06,74.97,70,249.89999999999995,174.92999999999995,Promocao
NINJA GAIDEN 2 Black,"R$132,45",-50%,https://store.playstation.com/pt-br/product/JP0106-PPSA26679_00-NG2B000000000000,2026-04-06,132.45,50,264.9,132.45,Promocao
Need for Speed™ Unbound,"R$33,89",-90%,https://store.playstation.com/pt-br/product/UP0006-PPSA01716_00-NEEDFORSPEED2022,2026-04-06,33.89,90,338.9000000000001,305.0100000000001,Promocao
Assassin's Creed III: Remastered,"R$32,49",-75%,https://store.playstation.com/pt-br/product/UP0001-CUSA11711_00-AC3GAMEPS4BRAZIL,2026-04-06,32.49,75,129.96,97.47,Promocao
RESIDENT EVIL 3 Todas as recompensas do jogo desbloqueadas,"R$10,76",-60%,https://store.playstation.com/pt-br/product/UP0102-PPSA03952_00-BH3ROFFUNLOCK000,2026-04-06,10.76,60,26.9,16.14,Promocao
Final Fantasy XII The Zodiac Age,"R$91,96",-60%,https://store.playstation.com/pt-br/product/UP0082-CUSA05532_00-FFXIIGAMEPS400NA,2026-04-06,91.96,60,229.89999999999998,137.94,Promocao
Satisfactory,"R$183,92",-20%,https://store.playstation.com/pt-br/product/UP4664-PPSA16634_00-SATISFACTORYGAME,2026-04-06,183.92,20,229.89999999999998,45.97999999999999,Promocao
ACE COMBAT™7: SKIES UNKNOWN - TOP GUN: Maverick Ultimate Edition,"R$85,90",-80%,https://store.playstation.com/pt-br/product/UP0700-CUSA05636_00-ACE7TOPGUNMEUE22,2026-04-06,85.9,80,429.5000000000001,343.60000000000014,Promocao
Slime Rancher,"R$24,87",-75%,https://store.playstation.com/pt-br/product/UP2293-CUSA11587_00-SLIMERANCHER0001,2026-04-06,24.87,75,99.48,74.61,Promocao
The Sims™ 4 Pacote de Expansão Ócio e Negócios,"R$99,50",-50%,https://store.playstation.com/pt-br/product/UP0006-CUSA09209_00-TS4EP18000000000,2026-04-06,99.5,50,199.0,99.5,Promocao
A Plague Tale: Requiem,"R$104,96",-65%,https://store.playstation.com/pt-br/product/UP4133-PPSA05366_00-APLAGUEOUTBURST0,2026-04-06,104.96,65,299.8857142857143,194.92571428571432,Promocao
REMATCH - ELITE EDITION,"R$170,94",-40%,https://store.playstation.com/pt-br/product/EP2566-PPSA23770_00-REMATCHULTIMATE0,2026-04-06,170.94,40,284.90000000000003,113.96000000000004,Promocao
Car Mechanic Simulator 2021,"R$47,97",-70%,https://store.playstation.com/pt-br/product/UP1564-PPSA02400_00-00CARMECHSIM2021,2026-04-06,47.97,70,159.89999999999998,111.92999999999998,Promocao
NARUTO SHIPPUDEN™: Ultimate Ninja® STORM 4 - Season Pass,"R$52,45",-50%,https://store.playstation.com/pt-br/product/UP0700-CUSA02412_00-UNS4SP0000000000,2026-04-06,52.45,50,104.9,52.45,Promocao
Mass Effect™ Legendary Edition,"R$29,89",-90%,https://store.playstation.com/pt-br/product/UP0006-CUSA19500_00-METR000000000000,2026-04-06,29.89,90,298.9000000000001,269.0100000000001,Promocao
Atomfall PS4™ & PS5™,"R$89,97",-70%,https://store.playstation.com/pt-br/product/UP4363-PPSA15493_00-ATOMFALLBASEGAME,2026-04-06,89.97,70,299.9,209.92999999999998,Promocao
Need for Speed™ Rivals,"R$34,47",-70%,https://store.playstation.com/pt-br/product/UP0006-CUSA00113_00-NFS14000PS4000NA,2026-04-06,34.47,70,114.89999999999998,80.42999999999998,Promocao
ARK: Astraeos,"R$28,21",-67%,https://store.playstation.com/pt-br/product/UP0691-PPSA16810_00-ASAASTRAEOSDLC00,2026-04-06,28.21,67,85.4848484848485,57.2748484848485,Promocao
Subnautica: Below Zero PS4 & PS5,"R$53,42",-67%,https://store.playstation.com/pt-br/product/UP5245-PPSA02456_00-BELOWZERSUB38637,2026-04-06,53.42,67,161.8787878787879,108.4587878787879,Promocao
Among Us,"R$14,70",-40%,https://store.playstation.com/pt-br/product/UP7032-PPSA03595_00-AMONGUS5SIEA0001,2026-04-06,14.7,40,24.5,9.8,Promocao
Assassin's Creed Odyssey - Edição Ultimate,"R$97,98",-80%,https://store.playstation.com/pt-br/product/UP0001-CUSA09311_00-DYNBRZLULTIMATE0,2026-04-06,97.98,80,489.90000000000015,391.92000000000013,Promocao
The Witcher 3: Wild Hunt - Blood and Wine,"R$20,98",-80%,https://store.playstation.com/pt-br/product/UP4497-PPSA10407_00-000000000NDLCBOB,2026-04-06,20.98,80,104.90000000000002,83.92000000000002,Promocao
Watch Dogs 2 - Gold Edition,"R$59,98",-85%,https://store.playstation.com/pt-br/product/UP0001-CUSA04459_00-WD2GLDEDITIONBRZ,2026-04-06,59.98,85,399.86666666666656,339.88666666666654,Promocao
Age of Empires IV: Anniversary Edition,"R$132,30",-30%,https://store.playstation.com/pt-br/product/UP6312-PPSA25366_00-0950569117932928,2026-04-06,132.3,30,189.00000000000003,56.70000000000002,Promocao
Sniper Elite 4 Deluxe Edition,"R$37,39",-90%,https://store.playstation.com/pt-br/product/UP4363-CUSA04220_00-SNIPERELITE4DDPO,2026-04-06,37.39,90,373.9000000000001,336.5100000000001,Promocao
Riders Republic™ PS4 & PS5,"R$49,87",-75%,https://store.playstation.com/pt-br/product/UP0001-PPSA01374_00-MADSTANDARTED000,2026-04-06,49.87,75,199.48,149.60999999999999,Promocao
Digimon Story Time Stranger - Edição Definitiva,"R$512,92",-25%,https://store.playstation.com/pt-br/product/UP0700-PPSA24702_00-DLTS0ULTEDITION0,2026-04-06,512.92,25,683.8933333333333,170.97333333333336,Promocao
Injustice: Gods Among Us Ultimate Edition,"R$20,87",-75%,https://store.playstation.com/pt-br/product/UP1018-CUSA00079_00-INJUSTICEULTIMAT,2026-04-06,20.87,75,83.48,62.61,Promocao
Lords of the Fallen (2014),"R$17,23",-85%,https://store.playstation.com/pt-br/product/UP4321-CUSA00369_00-LORDSOFTHEFALLEN,2026-04-06,17.23,85,114.86666666666665,97.63666666666664,Promocao
KINGDOM HEARTS All-In-One Package,"R$153,40",-60%,https://store.playstation.com/pt-br/product/UP0082-CUSA12031_00-COLLECTION300000,2026-04-06,153.4,60,383.5,230.1,Promocao
The Outer Worlds 2,"R$239,94",-40%,https://store.playstation.com/pt-br/product/UP6312-PPSA24588_00-0872768154966924,2026-04-06,239.94,40,399.90000000000003,159.96000000000004,Promocao
NARUTO TO BORUTO: SHINOBI STRIKER,"R$24,87",-75%,https://store.playstation.com/pt-br/product/UP0700-CUSA08789_00-SHINOBISTRIKER01,2026-04-06,24.87,75,99.48,74.61,Promocao
Disney•Pixar Toy Story 3,"R$34,14",-40%,https://store.playstation.com/pt-br/product/UP1082-PPSA07373_00-7790102558097475,2026-04-06,34.14,40,56.900000000000006,22.760000000000005,Promocao
FINAL FANTASY TACTICS - The Ivalice Chronicles [PS4 & PS5],"R$199,43",-30%,https://store.playstation.com/pt-br/product/JP0082-PPSA21783_00-FFTACTICS0000000,2026-04-06,199.43,30,284.90000000000003,85.47000000000003,Promocao
Star Wars Outlaws Edição Ultimate,"R$194,85",-70%,https://store.playstation.com/pt-br/product/UP0001-PPSA08261_00-ULTIMATEDITION00,2026-04-06,194.85,70,649.4999999999999,454.64999999999986,Promocao
Teardown,"R$79,95",-50%,https://store.playstation.com/pt-br/product/UP6856-PPSA15246_00-TRDNBASE00000000,2026-04-06,79.95,50,159.9,79.95,Promocao
One Piece: Pirate Warriors 3,"R$37,48",-85%,https://store.playstation.com/pt-br/product/UP0700-CUSA01831_00-PROJECTOP3NA0000,2026-04-06,37.48,85,249.86666666666662,212.38666666666663,Promocao
eFootball™: Lamine Yamal Edition 2026 [Deluxe],"R$57,00",-60%,https://store.playstation.com/pt-br/product/UP0101-CUSA26997_00-EDITION000000008,2026-04-06,57.0,60,142.5,85.5,Promocao
The Crew Motorfest Edição Ultimate do Ano 3,"R$239,96",-60%,https://store.playstation.com/pt-br/product/UP0001-PPSA02838_00-THECREWMULTIY300,2026-04-06,239.96,60,599.9,359.93999999999994,Promocao
SHINOBI: Art of Vengeance PS4 & PS5,"R$101,94",-40%,https://store.playstation.com/pt-br/product/UP0177-PPSA19461_00-SHINOBIAOV000001,2026-04-06,101.94,40,169.9,67.96000000000001,Promocao
TopSpin 2K25 Edição Digital Cross-Gen,"R$74,92",-25%,https://store.playstation.com/pt-br/product/UP1001-PPSA06898_00-TS2K25CROSSGENED,2026-04-06,74.92,25,99.89333333333333,24.97333333333333,Promocao
DRAGON BALL FighterZ - Édition légendaire PS4 e PS5,"R$137,37",-75%,https://store.playstation.com/pt-br/product/UP0700-PPSA09790_00-DBFLEGENDARYED00,2026-04-06,137.37,75,549.48,412.11,Promocao
ONE PIECE: PIRATE WARRIORS 4 Legendary Edition PS4 e PS5,"R$313,45",-50%,https://store.playstation.com/pt-br/product/UP0700-PPSA27501_00-OPPW4LGDEDITION0,2026-04-06,313.45,50,626.9,313.45,Promocao
Borderlands 3 PS4™ & PS5™,"R$29,99",-90%,https://store.playstation.com/pt-br/product/UP1001-PPSA01462_00-0000000OAKNGSIEA,2026-04-06,29.99,90,299.90000000000003,269.91,Promocao
Goat Simulator 3 – Baadlands: Furry Road,"R$63,92",-20%,https://store.playstation.com/pt-br/product/UP4664-PPSA04159_00-APOCALYPSEDLCPS5,2026-04-06,63.92,20,79.89999999999999,15.97999999999999,Promocao
Batman: Return to Arkham,"R$34,87",-75%,https://store.playstation.com/pt-br/product/UP1018-CUSA04744_00-RETURNTOARKHAMHD,2026-04-06,34.87,75,139.48,104.60999999999999,Promocao
Persona 3 Reload Digital Premium Edition - PS4 e PS5,"R$177,80",-60%,https://store.playstation.com/pt-br/product/UP0177-PPSA10872_00-ADDCONTENT200012,2026-04-06,177.8,60,444.5,266.7,Promocao
Dead Island 2,"R$62,37",-75%,https://store.playstation.com/pt-br/product/UP2047-PPSA03098_00-DI2MAINSIEAPS500,2026-04-06,62.37,75,249.48,187.10999999999999,Promocao
Edição Deluxe de Life is Strange: Double Exposure,"R$119,96",-60%,https://store.playstation.com/pt-br/product/UP0082-PPSA16105_00-0640252769579027,2026-04-06,119.96,60,299.9,179.94,Promocao
SONIC X SHADOW GENERATIONS Digital Deluxe Edition PS4 & PS5,"R$119,96",-60%,https://store.playstation.com/pt-br/product/UP0177-PPSA17597_00-DDXEDITION000000,2026-04-06,119.96,60,299.9,179.94,Promocao
Anno 117: Pax Romana Gold Edition,"R$337,42",-25%,https://store.playstation.com/pt-br/product/EP0001-PPSA23559_00-ANNO117GOLD00000,2026-04-06,337.42,25,449.8933333333334,112.47333333333336,Promocao
Batman™: Arkham Knight Edição Premium,"R$47,38",-87%,https://store.playstation.com/pt-br/product/UP1018-CUSA01764_00-BAKPREMIUMED0000,2026-04-06,47.38,87,364.46153846153845,317.08153846153846,Promocao
Overcooked! 2 - Gourmet Edition,"R$60,62",-75%,https://store.playstation.com/pt-br/product/UP4064-CUSA10940_00-OVERCOOKED2GE000,2026-04-06,60.62,75,242.48,181.85999999999999,Promocao
The Evil Within,"R$24,87",-75%,https://store.playstation.com/pt-br/product/UP1003-CUSA00203_00-THEEVILWITHINENG,2026-04-06,24.87,75,99.48,74.61,Promocao
Need for Speed™ Hot Pursuit Remastered,"R$39,78",-80%,https://store.playstation.com/pt-br/product/UP0006-CUSA23264_00-NEEDFORSPEEDHPR0,2026-04-06,39.78,80,198.90000000000006,159.12000000000006,Promocao
Little Nightmares III Edição Deluxe PS4 e PS5,"R$224,33",-34%,https://store.playstation.com/pt-br/product/UP0700-PPSA05144_00-LITTLENIGHTS30DX,2026-04-06,224.33,34,339.89393939393943,115.56393939393942,Promocao
Atomic Heart (PS4 & PS5),"R$104,97",-70%,https://store.playstation.com/pt-br/product/UP4133-PPSA10696_00-ATOMICHEARTGAME0,2026-04-06,104.97,70,349.8999999999999,244.92999999999992,Promocao
Like a Dragon: Pirate Yakuza in Hawaii PS4 & PS5,"R$89,97",-70%,https://store.playstation.com/pt-br/product/JP0177-PPSA24478_00-MAINGAME00000000,2026-04-06,89.97,70,299.9,209.92999999999998,Promocao
CODE VEIN II,"R$299,92",-25%,https://store.playstation.com/pt-br/product/UP0700-PPSA23909_00-MAINGAME00000000,2026-04-06,299.92,25,399.8933333333334,99.97333333333336,Promocao
ARK: Bob's Tall Tales,"R$52,76",-67%,https://store.playstation.com/pt-br/product/UP0691-PPSA16810_00-BOBSTALLTALES000,2026-04-06,52.76,67,159.8787878787879,107.11878787878791,Promocao
The Sims™ 4 Rumo à Fama,"R$83,60",-60%,https://store.playstation.com/pt-br/product/UP0006-CUSA09209_00-TS4GETFAMOUSDLC0,2026-04-06,83.6,60,208.99999999999997,125.39999999999998,Promocao
Life is Strange 2 - Temporada Completa,"R$19,60",-80%,https://store.playstation.com/pt-br/product/UP0082-CUSA08283_00-PROM0000COMPLLAT,2026-04-06,19.6,80,98.00000000000003,78.40000000000003,Promocao
Just Dance 2026 Edition - Edição Ultimate,"R$224,94",-40%,https://store.playstation.com/pt-br/product/UP0001-PPSA07252_00-JDNEXTY4BUNDLE03,2026-04-06,224.94,40,374.90000000000003,149.96000000000004,Promocao
Creed: Rise to Glory - Championship Edition™,"R$85,96",-60%,https://store.playstation.com/pt-br/product/UP2292-PPSA09772_00-CRURELEASE000001,2026-04-06,85.96,60,214.89999999999998,128.94,Promocao
The Sims™ 4 Vida Universitária,"R$83,60",-60%,https://store.playstation.com/pt-br/product/UP0006-CUSA09209_00-TS4DSCUNIVERSITY,2026-04-06,83.6,60,208.99999999999997,125.39999999999998,Promocao
Age of Empires IV: Anniversary Premium Edition,"R$230,30",-30%,https://store.playstation.com/pt-br/product/UP6312-PPSA25366_00-0809826663220128,2026-04-06,230.3,30,329.00000000000006,98.70000000000005,Promocao
PAYDAY 2: CRIMEWAVE EDITION,"R$20,98",-80%,https://store.playstation.com/pt-br/product/UP4040-CUSA50541_00-CRIMEWAVENOUVEAU,2026-04-06,20.98,80,104.90000000000002,83.92000000000002,Promocao
Edição Deluxe de WUCHANG: Fallen Feathers,"R$237,93",-30%,https://store.playstation.com/pt-br/product/UP4040-PPSA09518_00-WUCHANGDELUXEEDN,2026-04-06,237.93,30,339.90000000000003,101.97000000000003,Promocao
Assetto Corsa,"R$37,37",-75%,https://store.playstation.com/pt-br/product/UP4040-CUSA01830_00-ASSETTOCORSAXXXX,2026-04-06,37.37,75,149.48,112.10999999999999,Promocao
Sniper Ghost Warrior Contracts 2,"R$19,95",-90%,https://store.playstation.com/pt-br/product/UP4321-PPSA03130_00-2478417276876954,2026-04-06,19.95,90,199.50000000000003,179.55000000000004,Promocao
Attack on Titan 2: Final Battle,"R$124,95",-50%,https://store.playstation.com/pt-br/product/UP4108-CUSA08956_00-BDLAOT2FB0000000,2026-04-06,124.95,50,249.9,124.95,Promocao
Maneater PS4 & PS5,"R$39,90",-80%,https://store.playstation.com/pt-br/product/UP0115-PPSA01861_00-MANEATER00000001,2026-04-06,39.9,80,199.50000000000003,159.60000000000002,Promocao
Metro Exodus Gold Edition,"R$32,23",-85%,https://store.playstation.com/pt-br/product/UP2047-PPSA02395_00-821MEEGOLDEDGEN9,2026-04-06,32.23,85,214.86666666666662,182.63666666666663,Promocao
Hogwarts Legacy: Pacote das Artes das Trevas,"R$14,98",-85%,https://store.playstation.com/pt-br/product/UP1018-PPSA01593_00-STOR01ALLP00R0VP,2026-04-06,14.98,85,99.86666666666666,84.88666666666666,Promocao
FINAL FANTASY XVI Passe de Expansão,"R$66,95",-50%,https://store.playstation.com/pt-br/product/UP0082-PPSA10664_00-0799424989786604,2026-04-06,66.95,50,133.9,66.95,Promocao
Persona 3 Reload: Passe de Expansão,"R$59,85",-70%,https://store.playstation.com/pt-br/product/UP0177-PPSA10872_00-ADDCONTENT200099,2026-04-06,59.85,70,199.49999999999997,139.64999999999998,Promocao
Jurassic World Evolution 2,"R$74,97",-75%,https://store.playstation.com/pt-br/product/UP2514-PPSA03287_00-JWEVOLUTION2AAAA,2026-04-06,74.97,75,299.88,224.91,Promocao
Sniper Ghost Warrior 3 Season Pass Edition,"R$22,99",-90%,https://store.playstation.com/pt-br/product/UP4321-CUSA04868_00-SPEDITION0000001,2026-04-06,22.99,90,229.90000000000003,206.91000000000003,Promocao
S.T.A.L.K.E.R. 2: Heart of Chornobyl — Ultimate Edição,"R$501,52",-20%,https://store.playstation.com/pt-br/product/EB0236-PPSA28336_00-0821195195639920,2026-04-06,501.52,20,626.9,125.38,Promocao
AI LIMIT,"R$79,73",-30%,https://store.playstation.com/pt-br/product/HP4226-PPSA27366_00-0697535294250993,2026-04-06,79.73,30,113.90000000000002,34.170000000000016,Promocao
Age of Mythology: Retold Standard Edition,"R$59,99",-40%,https://store.playstation.com/pt-br/product/UP6312-PPSA18653_00-0600728796128379,2026-04-06,59.99,40,99.98333333333333,39.99333333333333,Promocao
Undertale,"R$49,17",-34%,https://store.playstation.com/pt-br/product/UP3893-CUSA08801_00-TFSHVCUTPS400084,2026-04-06,49.17,34,74.50000000000001,25.330000000000013,Promocao
Planet of Lana,"R$12,90",-80%,https://store.playstation.com/pt-br/product/UP5180-PPSA19451_00-PLANETOFLANA05US,2026-04-06,12.9,80,64.50000000000001,51.600000000000016,Promocao
Just Dance 2026 Edition,"R$124,95",-50%,https://store.playstation.com/pt-br/product/UP0001-PPSA07252_00-JDNEXTY4BUNDLE01,2026-04-06,124.95,50,249.9,124.95,Promocao
Call of Duty®: Black Ops 4 - Digital Deluxe,"R$153,16",-60%,https://store.playstation.com/pt-br/product/UP0002-CUSA12434_00-CODBO4DELUXE0001,2026-04-06,153.16,60,382.9,229.73999999999998,Promocao
Bluey: O Videojogo,"R$89,77",-55%,https://store.playstation.com/pt-br/product/UP3824-PPSA09955_00-BUEYBASEGAME0001,2026-04-06,89.77,55,199.4888888888889,109.71888888888891,Promocao
Celeste,"R$28,72",-75%,https://store.playstation.com/pt-br/product/UP2120-CUSA11302_00-CELESTEXXCELESTE,2026-04-06,28.72,75,114.88,86.16,Promocao
The Quarry para PS4™,"R$52,48",-85%,https://store.playstation.com/pt-br/product/UP1001-CUSA31345_00-0732070557554025,2026-04-06,52.48,85,349.8666666666666,297.3866666666666,Promocao
EA SPORTS™ Playoff Bundle (Madden NFL 26 Standard Edition e College Football 26 Standard Edition),"R$124,87",-75%,https://store.playstation.com/pt-br/product/UP0006-PPSA26127_00-M26KICKOFFBUNDLE,2026-04-06,124.87,75,499.48,374.61,Promocao
Totally Accurate Battle Simulator,"R$52,45",-50%,https://store.playstation.com/pt-br/product/UP3456-PPSA06081_00-7423111174326993,2026-04-06,52.45,50,104.9,52.45,Promocao
Call of Duty®: Infinite Warfare - Legacy Edition,"R$119,96",-60%,https://store.playstation.com/pt-br/product/UP0002-CUSA05369_00-CODIWLEGACY00001,2026-04-06,119.96,60,299.9,179.94,Promocao
Goat Simulator 3 - Multiverse of Nonsense,"R$51,93",-35%,https://store.playstation.com/pt-br/product/UP4664-PPSA04159_00-GS3ADDONMULTIVER,2026-04-06,51.93,35,79.8923076923077,27.962307692307697,Promocao
Pacote Triplo Crash™ + Spyro™,"R$196,52",-65%,https://store.playstation.com/pt-br/product/UP0002-CUSA13795_00-CTRSRTCBTBUNDLE1,2026-04-06,196.52,65,561.4857142857144,364.9657142857144,Promocao
Five Nights at Freddy's,"R$20,10",-40%,https://store.playstation.com/pt-br/product/UP5549-CUSA16870_00-FNAF100000000000,2026-04-06,20.1,40,33.50000000000001,13.400000000000006,Promocao
Alien: Isolation,"R$42,47",-75%,https://store.playstation.com/pt-br/product/UP0177-CUSA00363_00-ALIENISOLATIONP4,2026-04-06,42.47,75,169.88,127.41,Promocao
Sid Meier's Civilization® VII,"R$209,94",-40%,https://store.playstation.com/pt-br/product/UP1001-PPSA04203_00-CIV7CROSSGENPS50,2026-04-06,209.94,40,349.90000000000003,139.96000000000004,Promocao
MY HERO ACADEMIA: All’s Justice,"R$271,92",-20%,https://store.playstation.com/pt-br/product/UP0700-PPSA26175_00-MAINGAME00000000,2026-04-06,271.92,20,339.9,67.97999999999996,Promocao
Mandragora: Whispers of the Witch Tree,"R$119,70",-40%,https://store.playstation.com/pt-br/product/EP4492-PPSA06960_00-MANDRAPS50000001,2026-04-06,119.7,40,199.5,79.8,Promocao
Far Cry® 6 Game of the Year Edition,"R$124,97",-75%,https://store.playstation.com/pt-br/product/UP0001-PPSA01876_00-FC6EDGOTY0000000,2026-04-06,124.97,75,499.88,374.90999999999997,Promocao
EA SPORTS™ College Football 26,"R$69,98",-80%,https://store.playstation.com/pt-br/product/UP0006-PPSA25859_00-COLLEGEFOOTBAL26,2026-04-06,69.98,80,349.9000000000001,279.9200000000001,Promocao
Crime Scene Cleaner,"R$99,75",-30%,https://store.playstation.com/pt-br/product/EP1549-PPSA28951_00-0398405101307776,2026-04-06,99.75,30,142.5,42.75,Promocao
eFootball™: Leo Messi Edition 2026 [Deluxe],"R$57,00",-60%,https://store.playstation.com/pt-br/product/UP0101-CUSA26997_00-EDITION000000006,2026-04-06,57.0,60,142.5,85.5,Promocao
Sifu,"R$66,22",-75%,https://store.playstation.com/pt-br/product/UP2703-PPSA05132_00-7522931300249907,2026-04-06,66.22,75,264.88,198.66,Promocao
HITMAN World of Assassination Part One,"R$31,98",-80%,https://store.playstation.com/pt-br/product/UP4572-PPSA01768_00-000000WOAPARTONE,2026-04-06,31.98,80,159.90000000000003,127.92000000000003,Promocao
Burnout™ Paradise Remastered,"R$29,74",-75%,https://store.playstation.com/pt-br/product/UP0006-CUSA10866_00-STELLARPARADISE0,2026-04-06,29.74,75,118.96,89.22,Promocao
Destiny - A Coletânea,"R$13,99",-80%,https://store.playstation.com/pt-br/product/UP0002-CUSA00219_00-DSTCOLLECTION001,2026-04-06,13.99,80,69.95000000000002,55.960000000000015,Promocao
Tony Hawk's™ Pro Skater™ 1 - 4 - Pacote Edição Deluxe,"R$217,45",-50%,https://store.playstation.com/pt-br/product/UP0002-PPSA18010_00-TH1234RDLXBDL001,2026-04-06,217.45,50,434.9,217.45,Promocao
L.A. Noire,"R$114,95",-50%,https://store.playstation.com/pt-br/product/UP1004-CUSA09084_00-LANOIRE000000PS4,2026-04-06,114.95,50,229.9,114.95,Promocao
KINGDOM HEARTS III,"R$99,96",-60%,https://store.playstation.com/pt-br/product/UP0082-CUSA12031_00-KINGDOMHEARTSX30,2026-04-06,99.96,60,249.89999999999998,149.94,Promocao
Sea of Stars,"R$112,74",-40%,https://store.playstation.com/pt-br/product/UP3463-PPSA07586_00-8119804844737273,2026-04-06,112.74,40,187.9,75.16000000000001,Promocao
Nikoderiko: The Magical World - Versão do Diretor,"R$79,95",-50%,https://store.playstation.com/pt-br/product/EP8483-PPSA23760_00-0381575129701522,2026-04-06,79.95,50,159.9,79.95,Promocao
A.I.L.A,"R$59,92",-25%,https://store.playstation.com/pt-br/product/UP2660-PPSA28503_00-SIEESIEAAILA0000,2026-04-06,59.92,25,79.89333333333333,19.97333333333333,Promocao
The Sims™ 4 Pacote de Expansão Vida no Ensino Médio,"R$104,50",-50%,https://store.playstation.com/pt-br/product/UP0006-CUSA09209_00-TS4EP12000000000,2026-04-06,104.5,50,209.0,104.5,Promocao
The Sims™ 4 Pacote de Expansão Diversão na Neve,"R$83,60",-60%,https://store.playstation.com/pt-br/product/UP0006-CUSA09209_00-TS4EP10000000000,2026-04-06,83.6,60,208.99999999999997,125.39999999999998,Promocao
Just Cause 4 - Edição Gold,"R$37,48",-85%,https://store.playstation.com/pt-br/product/UP0082-CUSA09254_00-JC4GOLDNEW000000,2026-04-06,37.48,85,249.86666666666662,212.38666666666663,Promocao
Commandos: Origins,"R$271,92",-20%,https://store.playstation.com/pt-br/product/UP2060-PPSA14709_00-COMMANDOSORIGINS,2026-04-06,271.92,20,339.9,67.97999999999996,Promocao
NHL 26 Standard Edition para PS5,"R$104,97",-70%,https://store.playstation.com/pt-br/product/UP0006-PPSA26785_00-NHL26STANDARD000,2026-04-06,104.97,70,349.8999999999999,244.92999999999992,Promocao
DOOM Eternal Deluxe Edition - PS4 & PS5,"R$87,47",-75%,https://store.playstation.com/pt-br/product/UP1003-CUSA13338_00-DOOMETERNALDELUX,2026-04-06,87.47,75,349.88,262.40999999999997,Promocao
Tom Clancy’s The Division™,"R$22,48",-85%,https://store.playstation.com/pt-br/product/UP0001-CUSA01810_00-THEDIVISIONBRAZL,2026-04-06,22.48,85,149.86666666666665,127.38666666666664,Promocao
Kingdom Come: Deliverance II Expansion Pass,"R$107,13",-33%,https://store.playstation.com/pt-br/product/UP2047-PPSA21705_00-KINGDOM2EXPASIEA,2026-04-06,107.13,33,159.8955223880597,52.76552238805971,Promocao
Payday 3,"R$84,95",-50%,https://store.playstation.com/pt-br/product/UP8268-PPSA14410_00-PAYDAY3FULLGAME0,2026-04-06,84.95,50,169.9,84.95,Promocao
LEGO® Party!,"R$134,99",-25%,https://store.playstation.com/pt-br/product/UB1599-PPSA29140_00-LEGOPARTYSIEA000,2026-04-06,134.99,25,179.98666666666668,44.99666666666667,Promocao
Undisputed,"R$142,45",-50%,https://store.playstation.com/pt-br/product/UP2047-PPSA21915_00-UNDISPUTEDPS5NA1,2026-04-06,142.45,50,284.9,142.45,Promocao
Edição Super Deluxe de Borderlands 4,"R$454,93",-30%,https://store.playstation.com/pt-br/product/UP1001-PPSA01494_00-SUPERDELUXEED000,2026-04-06,454.93,30,649.9000000000001,194.97000000000008,Promocao
TIEBREAK+: Official Game of the ATP and WTA,"R$99,80",-60%,https://store.playstation.com/pt-br/product/EP6665-PPSA14453_00-TEN2300000000000,2026-04-06,99.8,60,249.49999999999997,149.7,Promocao
Alien: Rogue Incursion VR,"R$53,72",-75%,https://store.playstation.com/pt-br/product/UP2292-PPSA06449_00-0865562578846422,2026-04-06,53.72,75,214.88,161.16,Promocao
FINAL FANTASY I–VI Bundle,"R$243,42",-35%,https://store.playstation.com/pt-br/product/UP0082-CUSA33837_00-FFBUNDLEPS4ENA06,2026-04-06,243.42,35,374.49230769230763,131.07230769230765,Promocao
Truck and Logistics Simulator,"R$101,94",-40%,https://store.playstation.com/pt-br/product/UP3003-PPSA12397_00-4870570726401771,2026-04-06,101.94,40,169.9,67.96000000000001,Promocao
Mundo da PAW Patrol Patrulha Canina,"R$89,77",-55%,https://store.playstation.com/pt-br/product/UP3824-PPSA09189_00-0884984015825227,2026-04-06,89.77,55,199.4888888888889,109.71888888888891,Promocao
Tom Clancy's Rainbow Six® Siege – Elite Edition,"R$49,95",-50%,https://store.playstation.com/pt-br/product/UP0001-PPSA01396_00-RB6SIEGEELITEY10,2026-04-06,49.95,50,99.9,49.95,Promocao
Edição Guia de Bolso de Metaphor: ReFantazio PS4 & PS5,"R$169,95",-50%,https://store.playstation.com/pt-br/product/UP0177-PPSA20800_00-METAPHORGUIDEBDL,2026-04-06,169.95,50,339.9,169.95,Promocao
MudRunner - American Wilds Edition,"R$28,18",-85%,https://store.playstation.com/pt-br/product/UP4133-CUSA09936_00-MUDRUNNERAMWLDED,2026-04-06,28.18,85,187.86666666666665,159.68666666666664,Promocao
Tormented Souls 2,"R$127,42",-25%,https://store.playstation.com/pt-br/product/EP4293-PPSA17322_00-TORMENTED2SIEEPS,2026-04-06,127.42,25,169.89333333333335,42.47333333333334,Promocao
RoadCraft,"R$119,70",-40%,https://store.playstation.com/pt-br/product/UP4133-PPSA09845_00-ROADBUILDERGAME0,2026-04-06,119.7,40,199.5,79.8,Promocao
Destiny 2: Insurgentes,"R$79,99",-50%,https://store.playstation.com/pt-br/product/UP0002-PPSA02409_00-D2Y11BUNDLE00002,2026-04-06,79.99,50,159.98,79.99,Promocao
Metaphor: ReFantazio Atlus 35th Digital Anniversary Edition para PS4 e PS5,"R$214,95",-50%,https://store.playstation.com/pt-br/product/UP0177-PPSA20800_00-METAPHORANV00001,2026-04-06,214.95,50,429.9,214.95,Promocao
The Witcher 3: Wild Hunt - Hearts of Stone,"R$10,78",-80%,https://store.playstation.com/pt-br/product/UP4497-PPSA10407_00-000000000NDLCEP1,2026-04-06,10.78,80,53.900000000000006,43.120000000000005,Promocao
Inscryption,"R$29,85",-70%,https://store.playstation.com/pt-br/product/UP3643-PPSA07022_00-3600510866394395,2026-04-06,29.85,70,99.49999999999999,69.64999999999998,Promocao
Metro 2033 Redux,"R$15,73",-85%,https://store.playstation.com/pt-br/product/UP2047-CUSA00623_00-M33REDUXDIGITAL1,2026-04-06,15.73,85,104.86666666666666,89.13666666666666,Promocao
Towerborne,"R$63,99",-20%,https://store.playstation.com/pt-br/product/UP6312-PPSA29586_00-0698156126484057,2026-04-06,63.99,20,79.9875,15.997499999999995,Promocao
DRAGON QUEST XI S: Echoes of an Elusive Age – Definitive Edition,"R$82,45",-50%,https://store.playstation.com/pt-br/product/UP0082-CUSA18600_00-0000000000000000,2026-04-06,82.45,50,164.9,82.45,Promocao
Pacote Duplo FINAL FANTASY VII REMAKE & REBIRTH,"R$273,54",-40%,https://store.playstation.com/pt-br/product/UP0082-PPSA08666_00-0723074131389351,2026-04-06,273.54,40,455.90000000000003,182.36,Promocao
Cult of the Lamb: Sinful Edition,"R$107,45",-50%,https://store.playstation.com/pt-br/product/UP3643-PPSA06464_00-0518549670578205,2026-04-06,107.45,50,214.9,107.45,Promocao
LEGO® DC Super-Vilões Edição Deluxe,"R$42,75",-90%,https://store.playstation.com/pt-br/product/UP1018-CUSA11542_00-LEGODCVILLAINSDX,2026-04-06,42.75,90,427.5000000000001,384.7500000000001,Promocao
The Crew Motorfest | Passe do Ano 2,"R$59,96",-60%,https://store.playstation.com/pt-br/product/UP0001-CUSA26571_00-TCMYEAR2PASS2024,2026-04-06,59.96,60,149.9,89.94,Promocao
DreamWorks A Casa Mágica da Gabby: Prontos para Festa,"R$137,94",-40%,https://store.playstation.com/pt-br/product/HP3768-PPSA26016_00-GABBYBASEGAME000,2026-04-06,137.94,40,229.9,91.96000000000001,Promocao
High On Life,"R$75,21",-65%,https://store.playstation.com/pt-br/product/UP3024-PPSA15388_00-0636789504534087,2026-04-06,75.21,65,214.88571428571427,139.67571428571426,Promocao
Sniper Ghost Warrior Contracts 1 & 2 Double Pack,"R$29,99",-90%,https://store.playstation.com/pt-br/product/UP4321-PPSA03130_00-9265112116290610,2026-04-06,29.99,90,299.90000000000003,269.91,Promocao
Crysis Remastered Trilogy,"R$66,22",-75%,https://store.playstation.com/pt-br/product/UP4291-CUSA18659_00-CRYSISTRILOGYYYY,2026-04-06,66.22,75,264.88,198.66,Promocao
Tony Hawk's™ Pro Skater™ 3 + 4 - Edição Digital Deluxe,"R$194,50",-50%,https://store.playstation.com/pt-br/product/UP0002-PPSA18010_00-TH34RDLXBUNDL001,2026-04-06,194.5,50,389.0,194.5,Promocao
Atelier Resleriana: The Red Alchemist & the White Guardian Ultimate Edition,"R$370,43",-35%,https://store.playstation.com/pt-br/product/EP4108-PPSA26792_00-RESLERIDDXSSP000,2026-04-06,370.43,35,569.8923076923077,199.46230769230766,Promocao
Passe de Expansão para Terra-média™: Sombras da Guerra™,"R$32,23",-85%,https://store.playstation.com/pt-br/product/UP1018-CUSA04408_00-KRAKENEXPAN0PASS,2026-04-06,32.23,85,214.86666666666662,182.63666666666663,Promocao
